,user_input,response,reference,answer_relevancy,answer_correctness,semantic_similarity,bleu_score,rouge_score
0,What is CVE-2013-3900,"CVE-2013-3900 is a vulnerability in Microsoft SharePoint that allows for elevation of privileges. It occurs because of improper validation of web requests, which could permit an attacker to execute arbitrary code on the server. The vulnerability affects various SharePoint versions, and successful exploitation could enable an attacker to take control of the affected system. Microsoft addressed this issue in their security updates, and users are encouraged to apply the latest patches to mitigate any risks associated with this vulnerability. Security best practices, such as regular updates and monitoring, are essential to protect against such vulnerabilities.","Why is Microsoft republishing a CVE from 2013? We are republishing CVE-2013-3900 in the Security Update Guide to update the Security Updates table and to inform customers that the EnableCertPaddingCheck is available in all currently supported versions of Windows 10 and Windows 11. While the format is different from the original CVE published in 2013, the information herein remains unchanged from the original text published on December 10, 2013. Microsoft does not plan to enforce the stricter verification behavior as a default functionality on supported releases of Microsoft Windows. This behavior remains available as an opt-in feature via reg key setting, and is available on supported editions of Windows released since December 10, 2013. This includes all currently supported versions of Windows 10 and Windows 11. The supporting code for this reg key was incorporated at the time of release for Windows 10 and Windows 11, so no security update is required; however, the reg key must be set. See the Security Updates table for the list of affected software. Vulnerability Description A remote code execution vulnerability exists in the way that the WinVerifyTrust function handles Windows Authenticode signature verification for portable executable (PE) files. An anonymous attacker could exploit the vulnerability by modifying an existing signed executable file to leverage unverified portions of the file in such a way as to add malicious code to the file without invalidating the signature. An attacker who successfully exploited this vulnerability could take complete control of an affected system. An attacker could then install programs; view, change, or delete data; or create new accounts with full user rights. If a user is logged on with administrative user rights, an attacker who successfully exploited this vulnerability could take complete control of an affected system. An attacker could then install programs; view, change, or delete data; or create new accounts with full user rights. Users whose accounts are configured to have fewer user rights on the system could be less impacted than users who operate with administrative user rights. Exploitation of this vulnerability requires that a user or application run or install a specially crafted, signed PE file. An attacker could modify an existing signed file to include malicious code without invalidating the signature. This code would... See more at https://msrc.microsoft.com/update-guide/vulnerability/CVE-2013-3900",0.8916761641219728,0.4800023934807989,0.8611860445114311,0.13536681105774234,0.13991769547325103
1,What is CVE-2020-1252,"CVE-2020-1252 is a security vulnerability affecting the Windows kernel that could allow an attacker to execute arbitrary code in the context of the kernel, potentially leading to a complete system compromise. This vulnerability is particularly critical because it allows for elevation of privileges if successfully exploited. Microsoft addressed the issue as part of its July 2020 Patch Tuesday updates, and users are urged to ensure their systems are updated to protect against this vulnerability. The exploitability of CVE-2020-1252 in a real-world scenario was observed shortly after its disclosure, making it imperative for organizations to implement the recommended patches swiftly to mitigate risks.","A remote code execution vulnerability exists when Windows improperly handles objects in memory. To exploit the vulnerability an attacker would have to convince a user to run a specially crafted application. An attacker who successfully exploited this vulnerability could execute arbitrary code and take control of an affected system. An attacker could then install programs; view, change, or delete data; or create new accounts with full user rights. The updates address the vulnerability by correcting how Windows handles objects in memory.",0.9215336963278898,0.6735288666271753,0.8941925223081093,0.06918451692157555,0.1595744680851064
2,What is CVE-2020-16863,"CVE-2020-16863 is a vulnerability in Microsoft Windows that affects the Windows Print Spooler service. It is classified as a privilege escalation vulnerability, allowing an attacker to execute arbitrary code with elevated privileges. The vulnerability arises from improper handling of objects in memory, which can be exploited by an attacker who has the ability to log on to the system. Microsoft addressed this issue in a security update released in August 2020, urging users to apply the patch to mitigate potential risks. As with many vulnerabilities, it is crucial for organizations to keep their systems updated to protect against exploitation.","A denial of service vulnerability exists in Windows Remote Desktop Service when an attacker connects to the target system using RDP and sends specially crafted requests. An attacker who successfully exploited this vulnerability could cause the Remote Desktop Service on the target system to stop responding. To exploit this vulnerability, an attacker would need to run a specially crafted application against a server which provides Remote Desktop Service. The update addresses the vulnerability by correcting how Remote Desktop Service handles connection requests.",0.9170518558493109,0.21379225370339833,0.8548544821423061,0.0382756136029561,0.22950819672131148
3,What is CVE-2020-17074,"CVE-2020-17074 is a vulnerability affecting the Microsoft Windows operating system, specifically within the Windows Network File System (NFS) component. It is classified as a privilege escalation vulnerability that allows an attacker to execute code with elevated privileges. Exploiting this vulnerability requires an attacker to be authenticated and gain access to a system through specific conditions, making it a targeted threat rather than a widespread one. Microsoft addressed this vulnerability in its security updates, urging users and administrators to apply the patches to mitigate potential risks. As of the latest updates, it is crucial for organizations to remain vigilant in monitoring their systems and implementing security best practices to protect against exploitation.",Windows Update Orchestrator Service Elevation of Privilege Vulnerability,0.9118879711262008,0.3271976441348908,0.8471886119951721,0.015732934811145335,0.06611570247933883
4,What is CVE-2022-43513,"CVE-2022-43513 is a vulnerability identified in the web-based management interface of certain versions of PRTG Network Monitor. It is a cross-site scripting (XSS) vulnerability that allows an attacker to inject malicious scripts into the UI, which can be executed by users who access the affected interface. This flaw can potentially lead to session hijacking, data theft, or other malicious actions if exploited. The vulnerability received a CVSS score highlighting its severity, and users were advised to update to patched versions to mitigate the risks associated with this issue. Always check the official vendor documentation or security advisories for the most up-to-date information and specific remediation steps.","A vulnerability has been identified in Automation License Manager V5 (All versions), Automation License Manager V6 (All versions < V6.0 SP9 Upd4), TeleControl Server Basic V3 (All versions < V3.1.2). The affected components allow to rename license files with user chosen input without authentication. This could allow an unauthenticated remote attacker to rename and move files as SYSTEM user.",0.9241431789989907,0.20300346562145832,0.8115590269329966,0.04814971807094068,0.1511627906976744
5,What is CVE-2023-33238,"CVE-2023-33238 is a vulnerability identified in the Microsoft Windows operating system, specifically affecting the Windows Common Log File System Driver. This vulnerability allows an attacker to execute arbitrary code with elevated privileges, potentially leading to a complete system compromise. It is classified as a critical security issue, and Microsoft has released patches to address the vulnerability. Users and administrators are strongly advised to apply the updates promptly to mitigate the risk of exploitation. As of the latest information, there have been no known active exploits in the wild, but the potential for abuse underscores the importance of timely patching.","TN-4900 Series firmware versions v1.2.4 and prior and TN-5900 Series firmware versions v3.3 and prior are vulnerable to the command injection vulnerability. This vulnerability stems from inadequate input validation in the certificate management function, which could potentially allow malicious users to execute remote code on affected devices.",0.8906403861865297,0.20132214526592324,0.8053717573821562,0.03916449665002247,0.1045751633986928
6,What is CVE-2023-37291,"CVE-2023-37291 is a vulnerability affecting certain versions of the Atlassian Jira Software. It is classified as a potential security exposure that arises from improper input validation. The vulnerability could allow an attacker with specific privileges to execute arbitrary code or bypass security restrictions, potentially leading to unauthorized access to sensitive data. Atlassian released updates to address this vulnerability, and users are advised to upgrade to the latest versions of the software to mitigate risks. It's essential for organizations to regularly monitor for such vulnerabilities and apply patches promptly to safeguard their systems.",Galaxy Software Services Vitals ESP is vulnerable to using a hard-coded encryption key. An unauthenticated remote attacker can generate a valid token parameter and exploit this vulnerability to access system to operate processes and access data. This issue affects Vitals ESP: from 3.0.8 through 6.2.0.,0.8942307076937989,0.20263925031141666,0.8105570012456667,0.04016138436407654,0.13793103448275862
7,What is CVE-2023-45246,"CVE-2023-45246 is a vulnerability identified in the Apache HTTP Server, specifically affecting versions prior to 2.4.57. This vulnerability is classified as a denial-of-service (DoS) issue, which can be exploited by an attacker to cause the server to become unresponsive. The flaw arises from improper handling of certain requests, leading to resource exhaustion. Users are advised to upgrade to the latest version of the Apache HTTP Server to mitigate the risk associated with this vulnerability. As always, it is recommended to review security advisories and apply patches promptly to maintain system security.","Sensitive information disclosure and manipulation due to missing authorization. The following products are affected: Acronis Cyber Protect Cloud Agent (Linux, macOS, Windows) before build 36343.",0.9010713240750946,0.19342885969310128,0.7734890155205489,0.02055847707468329,0.04918032786885246
8,What is CVE-2024-10314,"As of my last update in October 2023, I do not have specific information on CVE-2024-10314, as it pertains to vulnerabilities that may have been disclosed after that date. To get the latest details on this CVE, I recommend checking the National Vulnerability Database (NVD), MITRE's CVE database, or relevant security advisories from trusted sources. These platforms provide up-to-date information on vulnerabilities, including their descriptions, impact, and mitigation strategies.","In Helix Core versions prior to 2024.2, an unauthenticated remote Denial of Service (DoS) via the auto-generation function was identified. Reported by Karol WiÄ™sek.",0.0,0.19215745295879794,0.7683250647147981,0.014780822562194807,0.05940594059405941
9,What is CVE-2024-25568,"As of my last update in October 2023, I do not have specific information on CVE-2024-25568, as it pertains to vulnerabilities that may have been disclosed after that date. To get the latest details on this CVE, I recommend checking the National Vulnerability Database (NVD), MITRE's CVE database, or relevant security advisories from trusted sources. These platforms typically provide up-to-date information on vulnerabilities, including their impact, affected systems, and recommended mitigations.","OS command injection vulnerability in ELECOM wireless LAN routers allows a network-adjacent unauthenticated attacker to execute arbitrary OS commands by sending a specially crafted request to the product. Affected products and versions are as follows: WRC-X3200GST3-B v1.25 and earlier, WRC-G01-W v1.24 and earlier, and WMC-X1800GST-B v1.41 and earlier. Note that WMC-X1800GST-B is also included in e-Mesh Starter Kit ""WMC-2LX-B"".",0.0,0.18823482780946654,0.7536843234238607,0.0182680755836395,0.08
10,What is CVE-2024-32807,"As of my last update in October 2023, I do not have specific information on CVE-2024-32807, as it pertains to vulnerabilities that may have been disclosed after that date. To get the latest details on this CVE, I recommend checking the National Vulnerability Database (NVD), MITRE's CVE database, or relevant security advisories from trusted sources. These platforms provide up-to-date information on vulnerabilities, including their impact, affected systems, and recommended mitigations.","Improper Limitation of a Pathname to a Restricted Directory ('Path Traversal') vulnerability in Brevo Sendinblue for WooCommerce allows Relative Path Traversal, Manipulating Web Input to File System Calls.This issue affects Sendinblue for WooCommerce: from n/a through 4.0.17.",0.0,0.18969685530048347,0.7591227185108629,0.010711433173348139,0.10344827586206898
11,What is CVE-2024-44061,"As of my last update, specific details about CVE-2024-44061 were not available since my training data only goes up to October 2023. For the most up-to-date information about this particular vulnerability, including its impact, affected systems, and available mitigations, I recommend checking the official CVE database or security advisory websites like NVD or vendor-specific security bulletins. It's crucial to stay informed through reliable cybersecurity resources to ensure effective risk management.",: Improper Neutralization of Script-Related HTML Tags in a Web Page (Basic XSS) vulnerability in WPFactory EU/UK VAT Manager for WooCommerce allows Cross-Site Scripting (XSS).This issue affects EU/UK VAT Manager for WooCommerce: from n/a through 2.12.14.,0.0,0.19160777019630928,0.7666613363078235,0.0055409608647816475,0.08403361344537814
12,What is CVE-2024-5548,"As of my last update in October 2023, I don't have specific information on CVE-2024-5548, as it pertains to vulnerabilities reported after that date. For the latest details, I recommend checking official sources such as the National Vulnerability Database (NVD), the MITRE CVE database, or security advisories from relevant software vendors. These resources will provide the most current information regarding the nature of the vulnerability, its impact, affected systems, and any patches or mitigations that have been released.","A directory traversal vulnerability exists in the stitionai/devika repository, specifically within the /api/download-project endpoint. Attackers can exploit this vulnerability by manipulating the 'project_name' parameter in a GET request to download arbitrary files from the system. This issue affects the latest version of the repository. The vulnerability arises due to insufficient input validation in the 'download_project' function, allowing attackers to traverse the directory structure and access files outside the intended directory. This could lead to unauthorized access to sensitive files on the server.",0.0,0.19645392965327568,0.7858157186131027,0.019267625761293167,0.14285714285714285
